day,stage,host,color,time,artist,end
Friday,The Dockyard by Masters of Hardcore,Tha Watcher,#264653,13:00,Luna FREESTYLE SET,14:30
Friday,The Dockyard by Masters of Hardcore,Tha Watcher,#264653,14:30,Predator,15:30
Friday,The Dockyard by Masters of Hardcore,Tha Watcher,#264653,15:30,Karun MIRAGE,16:00
Friday,The Dockyard by Masters of Hardcore,Tha Watcher,#264653,16:00,Evil Activities vs. Mad Dog,17:00
Friday,The Dockyard by Masters of Hardcore,Tha Watcher,#264653,17:00,Nosferatu & Tha Playah COMBINED FORCES,17:30
Friday,The Dockyard by Masters of Hardcore,Tha Watcher,#264653,17:30,Korsakoff vs. Sakyra,18:15
Friday,The Dockyard by Masters of Hardcore,Tha Watcher,#264653,18:15,Catscan vs. Chaos Project,19:00
Friday,The Dockyard by Masters of Hardcore,Tha Watcher,#264653,19:00,Never Surrender,19:45
Friday,The Dockyard by Masters of Hardcore,Tha Watcher,#264653,19:45,Angerfist CLASSICS,20:30
Friday,The Dockyard by Masters of Hardcore,Tha Watcher,#264653,20:30,D-Fence vs. Hysta,21:15
Friday,The Dockyard by Masters of Hardcore,Tha Watcher,#264653,21:15,SLAUGHTERHOUSE,21:45
Friday,The Dockyard by Masters of Hardcore,Tha Watcher,#264653,21:45,Revealer THE ANGER IN US,22:15
Friday,The Dockyard by Masters of Hardcore,Tha Watcher,#264653,22:15,Noxiouz THE CATALYST,22:45
Friday,The Dockyard by Masters of Hardcore,Tha Watcher,#264653,22:45,THE SPECTACLE by MOH,23:00
Friday,The Zoo by BKJN,MC Robs,#7CB518,13:00,KEMAL vs. Rayzen,13:45
Friday,The Zoo by BKJN,MC Robs,#7CB518,13:45,Brainkick vs. Kroefoe,14:45
Friday,The Zoo by BKJN,MC Robs,#7CB518,14:45,Dr.Z vs. Guizcore,15:30
Friday,The Zoo by BKJN,MC Robs,#7CB518,15:30,MC Robs LIVE,16:00
Friday,The Zoo by BKJN,MC Robs,#7CB518,16:00,Chaotic Hostility vs. Vandal!sm EARLY UPTEMPO,17:00
Friday,The Zoo by BKJN,MC Robs,#7CB518,17:00,Rosbeek vs. Soulblast,18:00
Friday,The Zoo by BKJN,MC Robs,#7CB518,18:00,Pinotello NO PINO NO PARTY,18:30
Friday,The Zoo by BKJN,MC Robs,#7CB518,18:30,The Dope Doctor,19:15
Friday,The Zoo by BKJN,MC Robs,#7CB518,19:15,Lekkerfaces HYPER,19:45
Friday,The Zoo by BKJN,MC Robs,#7CB518,19:45,Dimitri K,20:30
Friday,The Zoo by BKJN,MC Robs,#7CB518,20:30,Yoshiko INSOLENT,21:00
Friday,The Zoo by BKJN,MC Robs,#7CB518,21:00,Major Conspiracy vs. Satirized,22:00
Friday,The Highway by Multigroove,Mike Redman,#6D597A,13:00,Noxa,14:30
Friday,The Highway by Multigroove,Mike Redman,#6D597A,14:30,The Viper,15:30
Friday,The Highway by Multigroove,Mike Redman,#6D597A,15:30,The Darkraver vs. Vince,17:00
Friday,The Highway by Multigroove,Mike Redman,#6D597A,17:00,Promo vs. Ruffneck,18:30
Friday,The Highway by Multigroove,Mike Redman,#6D597A,18:30,Arjuna,19:30
Friday,The Highway by Multigroove,Mike Redman,#6D597A,19:30,Hellcreator vs. MESSI4H,20:30
Friday,The Highway by Multigroove,Mike Redman,#6D597A,20:30,Drokz GABBER SET,21:30
Friday,The Highway by Multigroove,Mike Redman,#6D597A,21:30,Unexist,23:00
Friday,The Arcade by Masia,Me Das Mucho Amor,#00B4D8,15:00,Graco-B vs. Maka AGGRESSIVE SET,15:45
Friday,The Arcade by Masia,Me Das Mucho Amor,#00B4D8,15:45,Bassdrum Project CLASSIC SET,16:30
Friday,The Arcade by Masia,Me Das Mucho Amor,#00B4D8,16:30,Ogalla,17:15
Friday,The Arcade by Masia,Me Das Mucho Amor,#00B4D8,17:15,Papero,18:00
Friday,The Arcade by Masia,Me Das Mucho Amor,#00B4D8,18:00,Aleix vs. Balas,19:00
Friday,The Arcade by Masia,Me Das Mucho Amor,#00B4D8,19:00,Hermanos Kapiya,20:00
Friday,The Arcade by Masia,Me Das Mucho Amor,#00B4D8,20:00,Dr. Evil,21:00
Friday,The Arcade by Masia,Me Das Mucho Amor,#00B4D8,21:00,Wakan THIS IS SPANISH NEWSTYLE,22:00
Friday,The Firestation by Deutscher Krach,Serra,#E85D04,15:00,Welcome to Krachinator,15:15
Friday,The Firestation by Deutscher Krach,Serra,#E85D04,15:15,vANE BASS DEVASTATION,15:45
Friday,The Firestation by Deutscher Krach,Serra,#E85D04,15:45,PEYGAN vs. Schlot,16:15
Friday,The Firestation by Deutscher Krach,Serra,#E85D04,16:15,Krach Crew NOISEFLOW vs. RWF vs. Schlot vs. vANE,16:45
Friday,The Firestation by Deutscher Krach,Serra,#E85D04,16:45,Opgekonkerd & Unicorn on K RAINBOW COLORS,17:15
Friday,The Firestation by Deutscher Krach,Serra,#E85D04,17:15,Krachinator LIVE KRACH CREW,17:45
Friday,The Firestation by Deutscher Krach,Serra,#E85D04,17:45,Noiseflow EUPHORIC KRACH LIVE,18:15
Friday,The Firestation by Deutscher Krach,Serra,#E85D04,18:15,Cyber Gunz CYBER WAR,18:45
Friday,The Firestation by Deutscher Krach,Serra,#E85D04,18:45,Unicorn on K,19:15
Friday,The Firestation by Deutscher Krach,Serra,#E85D04,19:15,RefleXx X'PLOSION,19:40
Friday,The Firestation by Deutscher Krach,Serra,#E85D04,19:40,ALBINO BALD SHOW,20:00
Friday,The Firestation by Deutscher Krach,Serra,#E85D04,20:00,MBK vs. NSD CLASSICS,20:30
Friday,The Firestation by Deutscher Krach,Serra,#E85D04,20:30,Equal2 vs. Invaderz,21:00
Friday,The Firestation by Deutscher Krach,Serra,#E85D04,21:00,Kior vs. Luvvtige,21:30
Friday,The Firestation by Deutscher Krach,Serra,#E85D04,21:30,Acidz & Heinza & RWF ENDLEVEL KRACH,22:00
Friday,The Zoo by Gezellige Clubtempo,Tha Watcher,#7CB518,23:00,Panic vs. The Darkraver,00:00
Friday,The Zoo by Gezellige Clubtempo,Tha Watcher,#7CB518,00:00,Gezellige Uptempo pres: Uptempo Karaoke,00:30
Friday,The Zoo by Gezellige Clubtempo,Tha Watcher,#7CB518,00:30,Barber vs. Spitnoise OLD TO NEW,01:30
Friday,The Zoo by Gezellige Clubtempo,Tha Watcher,#7CB518,01:30,Gezellige Uptempo vs. Mystery Guest,02:15
Friday,The Zoo by Gezellige Clubtempo,Tha Watcher,#7CB518,02:15,The Dark Horror vs. Yoshiko,03:00
Saturday,Mainstage,Tha Watcher,#C1121F,14:00,THE GATEKEEPER: Paul Elstak,15:00
Saturday,Mainstage,Tha Watcher,#C1121F,15:00,Paul's Nightmare (vs. Neophyte & Panic),16:00
Saturday,Mainstage,Tha Watcher,#C1121F,16:00,Paul Elstak vs. Partyraiser,17:00
Saturday,Mainstage,Tha Watcher,#C1121F,17:00,AniMe,17:45
Saturday,Mainstage,Tha Watcher,#C1121F,17:45,Deadly Guns HARDCORE NATION,18:15
Saturday,Mainstage,Tha Watcher,#C1121F,18:15,The Dark Horror,18:45
Saturday,Mainstage,Tha Watcher,#C1121F,18:45,D-Fence IGNITED,19:15
Saturday,Mainstage,Tha Watcher,#C1121F,19:15,Dr. Peacock,20:00
Saturday,Mainstage,Tha Watcher,#C1121F,20:00,Angerfist LIVE,20:30
Saturday,Mainstage,Tha Watcher,#C1121F,20:30,Satirized NEON FUNFAIR LIVE,21:00
Saturday,Mainstage,Tha Watcher,#C1121F,21:00,BOMBSQUAD vs. Dimitri K,21:45
Saturday,Mainstage,Tha Watcher,#C1121F,21:45,Miss K8 THE LEGACY,22:45
Saturday,Mainstage,Tha Watcher,#C1121F,22:45,Endshow,23:00
Saturday,The Dockyard by Snakepit,MC Robs,#264653,11:00,Mistofz,12:00
Saturday,The Dockyard by Snakepit,MC Robs,#264653,12:00,99PRBLMZ,13:00
Saturday,The Dockyard by Snakepit,MC Robs,#264653,13:00,T.M.O. vs. Udow,14:00
Saturday,The Dockyard by Snakepit,MC Robs,#264653,14:00,Bössels vs. Deviation,15:00
Saturday,The Dockyard by Snakepit,MC Robs,#264653,15:00,Unproven NEW LIVE EXPERIENCE,15:30
Saturday,The Dockyard by Snakepit,MC Robs,#264653,15:30,Spitnoise vs. Tharken,16:30
Saturday,The Dockyard by Snakepit,MC Robs,#264653,16:30,Juliëx vs. Revealer,17:30
Saturday,The Dockyard by Snakepit,MC Robs,#264653,17:30,Lunakorpz vs. Revellers,18:30
Saturday,The Dockyard by Snakepit,MC Robs,#264653,18:30,Complex vs. Kili vs. Noxiouz,19:30
Saturday,The Dockyard by Snakepit,MC Robs,#264653,19:30,Roosterz GOOSEBUMPS LIVE,20:00
Saturday,The Dockyard by Snakepit,MC Robs,#264653,20:00,Gezellige Uptempo,20:45
Saturday,The Dockyard by Snakepit,MC Robs,#264653,20:45,Barbaric Records LIVE,21:30
Saturday,The Dockyard by Snakepit,MC Robs,#264653,21:30,Akimbo vs. Samynator,22:15
Saturday,The Dockyard by Snakepit,MC Robs,#264653,22:15,Dr. Donk vs. Lekkerfaces,23:00
Saturday,The Zoo,Livid,#7CB518,11:00,Innov8,12:00
Saturday,The Zoo,Livid,#7CB518,12:00,Detailed,13:00
Saturday,The Zoo,Livid,#7CB518,13:00,Mortis vs. Spitfire,14:00
Saturday,The Zoo,Livid,#7CB518,14:00,Infliction vs. Unload,15:00
Saturday,The Zoo,Livid,#7CB518,15:00,The Saints,16:00
Saturday,The Zoo,Livid,#7CB518,16:00,Act of Rage,17:00
Saturday,The Zoo,Livid,#7CB518,17:00,Adjuzt,18:00
Saturday,The Zoo,Livid,#7CB518,18:00,BMBERJCK vs. Sparkz,19:00
Saturday,The Zoo,Livid,#7CB518,19:00,Radical Redemption HARDCORE SET,20:00
Saturday,The Zoo,Livid,#7CB518,20:00,Element vs. Omnya,20:45
Saturday,The Zoo,Livid,#7CB518,20:45,Chapter V vs. Dither,21:30
Saturday,The Zoo,Livid,#7CB518,21:30,Bloodlust vs. Elite Enemy,22:30
Saturday,The Institution by Masterminds,Alee,#F72585,11:00,Early Arrival by Crucifier vs. Vince,13:00
Saturday,The Institution by Masterminds,Alee,#F72585,13:00,Third Movement Trinity by Catscan vs. D-Passion vs. Promo,15:00
Saturday,The Institution by Masterminds,Alee,#F72585,15:00,Enzyme Records by Endymion vs. Nosferatu vs. Ophidian vs. Ruffneck,17:00
Saturday,The Institution by Masterminds,Alee,#F72585,17:00,Masters of Mayhem by Day-Mar vs. Korsakoff vs. Predator,19:00
Saturday,The Institution by Masterminds,Alee,#F72585,19:00,Hardcore Italia by Art of Fighters vs. Mad Dog vs. Tommyknocker vs. Unexist,21:00
Saturday,The Institution by Masterminds,Alee,#F72585,21:00,The Golden Trip by Partyraiser,22:30
Saturday,The Satellite,Nolz,#118AB2,11:00,Chaos Project vs. Furyan,12:30
Saturday,The Satellite,Nolz,#118AB2,12:30,Dikke Baap,14:00
Saturday,The Satellite,Nolz,#118AB2,14:00,AniMe vs. Jazzy,15:00
Saturday,The Satellite,Nolz,#118AB2,15:00,N-Vitral,16:00
Saturday,The Satellite,Nolz,#118AB2,16:00,KARAH vs. Mad Dog,17:30
Saturday,The Satellite,Nolz,#118AB2,17:30,Angerfist vs. SNTS,18:30
Saturday,The Satellite,Nolz,#118AB2,18:30,OGUZ vs. SANTØS,20:00
Saturday,The Satellite,Nolz,#118AB2,20:00,Exproz,21:30
Saturday,The Satellite,Nolz,#118AB2,21:30,The Smiler,22:30
Saturday,The Firestation by Ghosttown,MC Axys,#E85D04,11:00,Petrov,12:30
Saturday,The Firestation by Ghosttown,MC Axys,#E85D04,12:30,Gabber Syndrome,13:30
Saturday,The Firestation by Ghosttown,MC Axys,#E85D04,13:30,The Raver,14:30
Saturday,The Firestation by Ghosttown,MC Axys,#E85D04,14:30,Gizmo,15:30
Saturday,The Firestation by Ghosttown,MC Axys,#E85D04,15:30,DJ Rob & MC Joe,16:30
Saturday,The Firestation by Ghosttown,MC Axys,#E85D04,16:30,DJ Isaac vs. The Viper,17:30
Saturday,The Firestation by Ghosttown,MC Axys,#E85D04,17:30,Lenny Dee vs. The Darkraver,18:30
Saturday,The Firestation by Ghosttown,MC Axys,#E85D04,18:30,MD&A,19:30
Saturday,The Firestation by Ghosttown,MC Axys,#E85D04,19:30,Marc Acardipane,20:30
Saturday,The Firestation by Ghosttown,MC Axys,#E85D04,20:30,The Masochist,21:30
Saturday,The Firestation by Ghosttown,MC Axys,#E85D04,21:30,Painbringer,22:30
Saturday,The Highway by Hong Kong Violence,Mike Redman,#6D597A,11:00,Unscarred,12:00
Saturday,The Highway by Hong Kong Violence,Mike Redman,#6D597A,12:00,Senyai vs. To-Wa,13:00
Saturday,The Highway by Hong Kong Violence,Mike Redman,#6D597A,13:00,Mordekaiser vs. Speedfolter,13:45
Saturday,The Highway by Hong Kong Violence,Mike Redman,#6D597A,13:45,The 3Eyed,14:30
Saturday,The Highway by Hong Kong Violence,Mike Redman,#6D597A,14:30,Coretex,15:30
Saturday,The Highway by Hong Kong Violence,Mike Redman,#6D597A,15:30,RZVX vs. Tripped,16:30
Saturday,The Highway by Hong Kong Violence,Mike Redman,#6D597A,16:30,OTM,17:15
Saturday,The Highway by Hong Kong Violence,Mike Redman,#6D597A,17:15,Fiend,18:00
Saturday,The Highway by Hong Kong Violence,Mike Redman,#6D597A,18:00,Von Bikrav,19:00
Saturday,The Highway by Hong Kong Violence,Mike Redman,#6D597A,19:00,The Destroyer vs. HKV LIVE VINYL SET,20:00
Saturday,The Highway by Hong Kong Violence,Mike Redman,#6D597A,20:00,Hellfish vs. Skeeta,21:00
Saturday,The Highway by Hong Kong Violence,Mike Redman,#6D597A,21:00,Akira vs. Drokz,22:30
Saturday,The Terminal,Ruffian,#495057,13:00,Graat,14:00
Saturday,The Terminal,Ruffian,#495057,14:00,Arvid,15:00
Saturday,The Terminal,Ruffian,#495057,15:00,Exertion,16:00
Saturday,The Terminal,Ruffian,#495057,16:00,Ga-Osz,17:00
Saturday,The Terminal,Ruffian,#495057,17:00,Reeza,18:00
Saturday,The Terminal,Ruffian,#495057,18:00,Bruhze,19:00
Saturday,The Terminal,Ruffian,#495057,19:00,T-Go,20:00
Saturday,The Terminal,Ruffian,#495057,20:00,MESSI4H,21:00
Saturday,The Terminal,Ruffian,#495057,21:00,Juno-B,22:00
Saturday,The Arcade by PRSPCT,MC Dart,#00B4D8,11:00,AliienMia,12:15
Saturday,The Arcade by PRSPCT,MC Dart,#00B4D8,12:15,The Rukkus,13:15
Saturday,The Arcade by PRSPCT,MC Dart,#00B4D8,13:15,Manu Le Malin,14:30
Saturday,The Arcade by PRSPCT,MC Dart,#00B4D8,14:30,Ruby my Dear LIVE,15:30
Saturday,The Arcade by PRSPCT,MC Dart,#00B4D8,15:30,Miyuki Omura,16:30
Saturday,The Arcade by PRSPCT,MC Dart,#00B4D8,16:30,Dolphin vs. The Teknoist,17:45
Saturday,The Arcade by PRSPCT,MC Dart,#00B4D8,17:45,Adamant Scream vs. Tymon,19:00
Saturday,The Arcade by PRSPCT,MC Dart,#00B4D8,19:00,The DJ Producer,20:00
Saturday,The Arcade by PRSPCT,MC Dart,#00B4D8,20:00,[KRTM] EXCLUSIVE HARDCORE SET,21:00
Saturday,The Arcade by PRSPCT,MC Dart,#00B4D8,21:00,Deathmachine vs. Thrasher,22:30
Saturday,The Scrapyard by Frenchcore Worldwide,Da Mouth of Madness,#8D6E63,11:00,Lily,12:00
Saturday,The Scrapyard by Frenchcore Worldwide,Da Mouth of Madness,#8D6E63,12:00,Fortanoiza,13:00
Saturday,The Scrapyard by Frenchcore Worldwide,Da Mouth of Madness,#8D6E63,13:00,Sprinky ALBUM SHOWCASE,13:45
Saturday,The Scrapyard by Frenchcore Worldwide,Da Mouth of Madness,#8D6E63,13:45,Unifyd LIVE,14:30
Saturday,The Scrapyard by Frenchcore Worldwide,Da Mouth of Madness,#8D6E63,14:30,Hyrule War,15:30
Saturday,The Scrapyard by Frenchcore Worldwide,Da Mouth of Madness,#8D6E63,15:30,D'Ort,16:30
Saturday,The Scrapyard by Frenchcore Worldwide,Da Mouth of Madness,#8D6E63,16:30,Mr. Ivex & Captain Core THE SUMMONING OF: BOKKENRIJDERS,17:00
Saturday,The Scrapyard by Frenchcore Worldwide,Da Mouth of Madness,#8D6E63,17:00,Doris,18:00
Saturday,The Scrapyard by Frenchcore Worldwide,Da Mouth of Madness,#8D6E63,18:00,Super Trash Bros. LIVE,18:30
Saturday,The Scrapyard by Frenchcore Worldwide,Da Mouth of Madness,#8D6E63,18:30,Maissouille,19:30
Saturday,The Scrapyard by Frenchcore Worldwide,Da Mouth of Madness,#8D6E63,19:30,Billx,20:30
Saturday,The Scrapyard by Frenchcore Worldwide,Da Mouth of Madness,#8D6E63,20:30,The Sickest Squad BASSDRUM DEMOLITION,21:30
Saturday,The Scrapyard by Frenchcore Worldwide,Da Mouth of Madness,#8D6E63,21:30,Dr. Peacock EARLY DR. PEACOCK,22:30
Saturday,Silent Disco Afterparty,Tha Watcher,#F9C74F,23:30,The Viper vs. Never Surrender,01:00
Saturday,Silent Disco Afterparty,Tha Watcher,#F9C74F,01:00,Miss K8,02:00
Saturday,Silent Disco Afterparty,Tha Watcher,#F9C74F,02:00,Manifest Destiny,03:00
